<annotation>
	<folder>cropped</folder>
	<filename>2.jpg</filename>
	<path>/home/vkchcp0013/data/ssd-own-data-original/kitti-ssd/MyDataset/new-created/just-new/last-tried-forscratch/cropped/2.jpg</path>
	<source>
		<database>Unknown</database>
	</source>
	<size>
		<width>500</width>
		<height>500</height>
		<depth>3</depth>
	</size>
	<segmented>0</segmented>
	<object>
		<name>car</name>
		<pose>Unspecified</pose>
		<truncated>0</truncated>
		<difficult>0</difficult>
		<bndbox>
			<xmin>247</xmin>
			<ymin>266</ymin>
			<xmax>296</xmax>
			<ymax>304</ymax>
		</bndbox>
	</object>
	<object>
		<name>car</name>
		<pose>Unspecified</pose>
		<truncated>0</truncated>
		<difficult>0</difficult>
		<bndbox>
			<xmin>240</xmin>
			<ymin>262</ymin>
			<xmax>252</xmax>
			<ymax>272</ymax>
		</bndbox>
	</object>
</annotation>
